,model,MSE,RMSE,MAE,MSLE,RMSLE
0,Linear Regression,0.9182486777107197,0.9582529299254554,0.6466589743571795,0.03246906959877833,0.18019175785473188
1,Decision Tree,0.0989981650061786,0.3146397384409328,0.15079077705156882,0.005333959663526764,0.07303396239782396
2,RandomForest,0.12099408807642084,0.34784204472205604,0.22821203695478035,0.006967408989970228,0.08347100688245128
3,ADABoost,1.2539602569129276,1.1198036689138537,0.8811843557851238,0.0344980342028375,0.18573646438660746
4,GBM,0.5844938544494913,0.7645219777413147,0.5165721732538172,0.021860873361123447,0.14785423010899434
5,SVM,0.931274122432882,0.9650254517021206,0.5993043809597702,0.03402078023570776,0.1844472288642683
